student_id,dataset
49-13130,6-2018
49-18120,7-2015
49-5423,4-2015
49-3317,11-2018
49-0556,4-2018
49-18120,7-2019
49-0382,6-2015
49-15192,10-2018
49-4377,10-2015
49-13168,12-2018
49-1224,3-2016
49-19321,9-2015
49-0795,11-2017
49-1384,4-2019
49-6624,5-2018
49-6765,7-2017
49-16200,6-2019
49-17973,5-2017
49-0998,2-2016
49-10995,6-2017
49-0795,6-2016
49-17973,1-2017
49-6624,3-2015
49-0751,8-2017
49-0359,1-2016
49-19531,12-2016
49-18890,1-2019
49-18890,6-2017
49-7229,2-2017
49-17973,2-2016
49-15918,3-2018
49-8349,12-2016
49-0795,3-2019
49-9376,1-2019
49-13606,4-2016
49-0382,5-2015
49-13168,5-2019
49-12207,2-2019
49-0795,2-2018
49-0556,12-2017
49-0382,3-2018
49-6624,1-2015
49-1181,9-2017
49-13130,6-2017
49-4186,2-2019
49-0382,10-2017
49-5423,12-2015
49-13168,5-2017
49-17730,2-2017
49-9376,12-2016
49-8349,1-2019
49-1032,9-2018
49-17982,7-2016
49-0922,5-2016
49-0720,3-2018
49-17730,8-2018
49-10995,9-2018
49-3188,8-2015
49-20123,3-2017
49-6765,11-2016
49-16200,1-2018
49-0720,4-2017
49-1224,3-2015
49-15192,3-2017
49-0751,11-2015
49-2554,8-2018
49-17982,3-2017
49-0359,11-2019
49-5423,8-2018
49-1032,9-2019
49-16200,12-2019
49-7229,8-2015
49-13168,2-2015
49-0869,5-2017
49-13168,9-2018
49-16200,10-2016
49-12207,12-2019
49-9287,9-2018
49-1181,2-2019
49-9282,8-2019
49-0556,3-2017
49-9287,1-2015
49-0751,8-2019
49-0319,12-2019
49-13606,7-2015
49-13606,11-2019
